instance,structure,primal_source_inventory,dual_source_inventory,general_casebook_role,historical_primal,historical_dual,historical_conclusion,primal_category,primal_project_baseline,primal_project_result,historical_copt_dual,historical_project_dual,newer_dual_audit_bound,newer_dual_audit_evidence,newer_dual_audit_limits,general_rule,primal_transferable_rule,primal_limitation,source_url,snapshot_commit
a2864-99blp,冲突图与编码构造,True,True,not_explicitly_mapped_here,-257,-257 published theorem,"Optimal, exact geometry crosswalk + published theorem; theorem computation not replayed locally",not_in_project_primal_table,,,-282.960474,-257,-257,严格文献定理迁移,−257的文献迁移严格成立，匹配可行解还可闭合最优值。没有重新执行论文内部计算；四次派生COPT超时均不是这条证明的前提。较弱−282证书不替代−257。,,在已排除的小交换之外做 ejection chain/大支持替换，保持冲突可行性。,邻域和重构建议是基于结构的研究路线，不代表已验证加速。,https://github.com/Huangyc98/MIPLIB_openproblem/blob/b329d3812c5acf51733e0e9f7baabdda7b1008d2/instances/a2864-99blp/README.md,b329d3812c5acf51733e0e9f7baabdda7b1008d2
allcolor58,构型生成与残差覆盖,True,True,named_case_or_family_expansion,42,42,"Optimal, exact parity certificate and validated witness",numeric_improvement,258,42,,,,,,奇偶计数结合严格 witness；不把后置证明编成早期 agent 动机,从兄弟构型启动；释放容量类别并生成新构型，避免只在旧字典中选。,旧容量固定/97构型字典均有局部失败；允许新容量和新构型后成功；不能把后置 parity 证明当早期 GPT 动机。,https://github.com/Huangyc98/MIPLIB_openproblem/blob/b329d3812c5acf51733e0e9f7baabdda7b1008d2/instances/allcolor58/README.md,b329d3812c5acf51733e0e9f7baabdda7b1008d2
assign1-10-4,分组/多选与耦合资源,True,True,not_explicitly_mapped_here,422,422,"Optimal, exact certificate",not_in_project_primal_table,,,377.444386,422,,,,,在原耦合行上建立冲突图，联合交换完整类别；保留未选择变量的影响。,邻域和重构建议是基于结构的研究路线，不代表已验证加速。,https://github.com/Huangyc98/MIPLIB_openproblem/blob/b329d3812c5acf51733e0e9f7baabdda7b1008d2/instances/assign1-10-4/README.md,b329d3812c5acf51733e0e9f7baabdda7b1008d2
bab3,分组/多选与耦合资源,True,True,not_explicitly_mapped_here,"-656,214.95420 (strict)",no new bound,Exact fixed-unassigned 224-block categorical neighborhood closed; global optimum open,not_in_project_primal_table,,,,,,,,,在原耦合行上建立冲突图，联合交换完整类别；保留未选择变量的影响。,固定未分配变量下 224 类别块和组件全部关闭；不能把它当全局独立分解。,https://github.com/Huangyc98/MIPLIB_openproblem/blob/b329d3812c5acf51733e0e9f7baabdda7b1008d2/instances/bab3/README.md,b329d3812c5acf51733e0e9f7baabdda7b1008d2
bley_xs1,网络设计与连续 recourse,True,True,not_explicitly_mapped_here,"3,855,895.86","3,532,608.740610",Feasible; global optimum open,not_in_project_primal_table,,,,,,,,,迁移可验证设计；联合释放容量、路径和运作选择，再解连续 recourse。,邻域和重构建议是基于结构的研究路线，不代表已验证加速。,https://github.com/Huangyc98/MIPLIB_openproblem/blob/b329d3812c5acf51733e0e9f7baabdda7b1008d2/instances/bley_xs1/README.md,b329d3812c5acf51733e0e9f7baabdda7b1008d2
bley_xs1noM,网络设计与连续 recourse,True,True,not_explicitly_mapped_here,"3,855,895.86 (strict incumbent)","3,344,924.0428 (solver, 720 s)",Equivalent Big-M strengthening improves same-budget numerical bound by 554.6058; global optimum open,numeric_improvement,3873690.77,3855895.86,,,,,,,迁移可验证设计；联合释放容量、路径和运作选择，再解连续 recourse。,兄弟映射需检查额外 883 个整数上界；后续单/双容量块搜索无更好 primal。,https://github.com/Huangyc98/MIPLIB_openproblem/blob/b329d3812c5acf51733e0e9f7baabdda7b1008d2/instances/bley_xs1noM/README.md,b329d3812c5acf51733e0e9f7baabdda7b1008d2
bppc6-06,布局/装箱/几何关系,True,True,named_case_or_family_expansion,208,208,"Optimal, tight-profile CNF/LRAT certificate and exact witness",not_in_project_primal_table,,,201,208,,,,精确 cutoff 编码和独立 DRAT/LRAT 检查,搜索物体、朝向和相对次序而非辅助 bit；临界路径联合移动，回代全部几何行。,邻域和重构建议是基于结构的研究路线，不代表已验证加速。,https://github.com/Huangyc98/MIPLIB_openproblem/blob/b329d3812c5acf51733e0e9f7baabdda7b1008d2/instances/bppc6-06/README.md,b329d3812c5acf51733e0e9f7baabdda7b1008d2
cdc7-4-3-2,冲突图与编码构造,True,True,not_explicitly_mapped_here,-307,-381,Feasible; all exchanges through 4→5 ruled out,not_in_project_primal_table,,,,,,,,,在已排除的小交换之外做 ejection chain/大支持替换，保持冲突可行性。,邻域和重构建议是基于结构的研究路线，不代表已验证加速。,https://github.com/Huangyc98/MIPLIB_openproblem/blob/b329d3812c5acf51733e0e9f7baabdda7b1008d2/instances/cdc7-4-3-2/README.md,b329d3812c5acf51733e0e9f7baabdda7b1008d2
circ10-3,时间选择与排程,True,True,not_explicitly_mapped_here,242,242 published,"Optimal, exact MPS crosswalk + published exhaustive result",numeric_improvement,256,242,141,242,242,文献计算结果迁移,通过文献迁移审核。未独立重放外部完整搜索，也未取得期刊14页完整正文；本地242可行性日志、较弱220界均不充当外部最优性证明。,,只搜索选中作业、次序和资源分配；尝试匹配/CP，保留完整 deadline 语义。,邻域和重构建议是基于结构的研究路线，不代表已验证加速。,https://github.com/Huangyc98/MIPLIB_openproblem/blob/b329d3812c5acf51733e0e9f7baabdda7b1008d2/instances/circ10-3/README.md,b329d3812c5acf51733e0e9f7baabdda7b1008d2
cmflsp40-36-2-10,跨期生产与库存 recourse,True,True,not_explicitly_mapped_here,"66,452,236.4536 (strict repair)","65,928,415.3068 (solver)",985 exact item/period neighborhoods closed; 0.7883% global gap; no strict primal improvement,not_in_project_primal_table,,,64134678.7,65928415.30680852,65928415.306808524,原模型身份重建＋历史全局solver数值支持,按用户认可的模型与合理日志标准通过；原global runner缺失仍限制完整复现。32位指纹不构成无碰撞数学身份证明，也不覆盖一切潜在历史callback。没有发现额外限制的实际证据，但不能宣称恢复了全部运行源码或精确认证所有小数位。,,联合释放 BOM/设备相关项和跨期 setup；固定整数后重算库存和需求行。,邻域和重构建议是基于结构的研究路线，不代表已验证加速。,https://github.com/Huangyc98/MIPLIB_openproblem/blob/b329d3812c5acf51733e0e9f7baabdda7b1008d2/instances/cmflsp40-36-2-10/README.md,b329d3812c5acf51733e0e9f7baabdda7b1008d2
comp12-2idx,时间选择与排程,True,True,not_explicitly_mapped_here,277,165 (solver),Feasible; global optimum open; prior radius-10 local result retained,not_in_project_primal_table,,,,,,,,,只搜索选中作业、次序和资源分配；尝试匹配/CP，保留完整 deadline 语义。,bit 半径 10 已关闭；one-hot 换一个类别计两个 bit，不能误读成十个教学时段。,https://github.com/Huangyc98/MIPLIB_openproblem/blob/b329d3812c5acf51733e0e9f7baabdda7b1008d2/instances/comp12-2idx/README.md,b329d3812c5acf51733e0e9f7baabdda7b1008d2
core2586-950,覆盖/划分的支持交换,True,True,not_explicitly_mapped_here,944 (strict),937 (solver),Exact set-cover reduction OPT = 87 + OPT(hard); 0.7415% numerical gap; global optimum open,not_in_project_primal_table,,,,,,,,,去重和支配约简后，围绕 private rows/owner 冲突做多删多加；回填原列。,邻域和重构建议是基于结构的研究路线，不代表已验证加速。,https://github.com/Huangyc98/MIPLIB_openproblem/blob/b329d3812c5acf51733e0e9f7baabdda7b1008d2/instances/core2586-950/README.md,b329d3812c5acf51733e0e9f7baabdda7b1008d2
core4284-1064,覆盖/划分的支持交换,True,True,named_case_or_family_expansion,1062,1055 (portable),Exact set-cover reduction and independently checked dual certificate; global optimum open,not_in_project_primal_table,,,,,,,,覆盖约简、有理对偶和 scope 检查；撤销无效 packing 界,去重和支配约简后，围绕 private rows/owner 冲突做多删多加；回填原列。,邻域和重构建议是基于结构的研究路线，不代表已验证加速。,https://github.com/Huangyc98/MIPLIB_openproblem/blob/b329d3812c5acf51733e0e9f7baabdda7b1008d2/instances/core4284-1064/README.md,b329d3812c5acf51733e0e9f7baabdda7b1008d2
core4872-1529,覆盖/划分的支持交换,True,True,named_case_or_family_expansion,1530,932 (portable),Independently replayed disjoint-row-packing certificate; global optimum open,not_in_project_primal_table,,,,,,,,覆盖约简、有理对偶和 scope 检查；撤销无效 packing 界,去重和支配约简后，围绕 private rows/owner 冲突做多删多加；回填原列。,邻域和重构建议是基于结构的研究路线，不代表已验证加速。,https://github.com/Huangyc98/MIPLIB_openproblem/blob/b329d3812c5acf51733e0e9f7baabdda7b1008d2/instances/core4872-1529/README.md,b329d3812c5acf51733e0e9f7baabdda7b1008d2
cvrpa-n64k9vrpi,路线与负载/时间势,True,True,not_explicitly_mapped_here,"1,401 (new strict incumbent)","1,401","Optimal, mixed database/computational evidence; exact MPS projection and rational 17+ bound, but no portable complete lower-bound trace",numeric_improvement,1617,1401,0,1401,1401,原MPS精确投影＋外部结果＋数值排除＋精确大车数证书,混合证据支持1401。外部固定9车和商业排除未在本次完整重跑；plain K10/K11的超时既不能证明不可行，也不否定另一次成功nonmerge运行。固定路线回填子问题的bound不用于全局证明。,,恢复路线后先构造分配和路线，再补时间/负载/indicator 变量；只迁移经核对的数据。,邻域和重构建议是基于结构的研究路线，不代表已验证加速。,https://github.com/Huangyc98/MIPLIB_openproblem/blob/b329d3812c5acf51733e0e9f7baabdda7b1008d2/instances/cvrpa-n64k9vrpi/README.md,b329d3812c5acf51733e0e9f7baabdda7b1008d2
cvrpb-n45k5vrpi,路线与负载/时间势,True,True,not_explicitly_mapped_here,751 (new strict incumbent),751,"Optimal, mixed database/computational evidence; no portable exact lower-bound trace",numeric_improvement,775,751,0,751,751,原MPS精确投影＋外部固定车数结果＋历史数值排除,按允许外部结果和合理solver日志的标准通过。固定5车外部计算及K≥6商业搜索未由本次重新求解；altman的原MPS COPT超时日志不是成功排除，cutoff可行性模型的目标0也不是路线下界。,,恢复路线后先构造分配和路线，再补时间/负载/indicator 变量；只迁移经核对的数据。,邻域和重构建议是基于结构的研究路线，不代表已验证加速。,https://github.com/Huangyc98/MIPLIB_openproblem/blob/b329d3812c5acf51733e0e9f7baabdda7b1008d2/instances/cvrpb-n45k5vrpi/README.md,b329d3812c5acf51733e0e9f7baabdda7b1008d2
cvrpp-n16k8vrpi,路线与负载/时间势,True,True,named_case_or_family_expansion,450,450,"Optimal, exact dynamic program",not_in_project_primal_table,,,282.375839,450,,,,找小状态图核心并穷尽 DP；用全局界覆盖未枚举补集,恢复路线后先构造分配和路线，再补时间/负载/indicator 变量；只迁移经核对的数据。,邻域和重构建议是基于结构的研究路线，不代表已验证加速。,https://github.com/Huangyc98/MIPLIB_openproblem/blob/b329d3812c5acf51733e0e9f7baabdda7b1008d2/instances/cvrpp-n16k8vrpi/README.md,b329d3812c5acf51733e0e9f7baabdda7b1008d2
d20200,分组/多选与耦合资源,True,True,not_explicitly_mapped_here,"12,237","12,232 solver; 12,230 independently exact",Custom tree incomplete: 33 pending subtrees; no new bound,not_in_project_primal_table,,,,,,,,,在原耦合行上建立冲突图，联合交换完整类别；保留未选择变量的影响。,邻域和重构建议是基于结构的研究路线，不代表已验证加速。,https://github.com/Huangyc98/MIPLIB_openproblem/blob/b329d3812c5acf51733e0e9f7baabdda7b1008d2/instances/d20200/README.md,b329d3812c5acf51733e0e9f7baabdda7b1008d2
dano3mip,网络设计与连续 recourse,True,True,not_explicitly_mapped_here,664.020833333333,578.2171855753,Feasible; global optimum open,not_in_project_primal_table,,,,,,,,,迁移可验证设计；联合释放容量、路径和运作选择，再解连续 recourse。,邻域和重构建议是基于结构的研究路线，不代表已验证加速。,https://github.com/Huangyc98/MIPLIB_openproblem/blob/b329d3812c5acf51733e0e9f7baabdda7b1008d2/instances/dano3mip/README.md,b329d3812c5acf51733e0e9f7baabdda7b1008d2
datt256,有限域可行性/覆盖修复,True,True,not_explicitly_mapped_here,no feasible point,local infeasibility certificates,Global feasibility open,not_in_project_primal_table,,,,,,,,,保持硬配额或边界，按未满足约束构造 repair；未完全满足时只保留 near-feasible 标签。,470/480 拼图仅 near-feasible；十条不匹配边对应二十条色流行，不能作为 primal。,https://github.com/Huangyc98/MIPLIB_openproblem/blob/b329d3812c5acf51733e0e9f7baabdda7b1008d2/instances/datt256/README.md,b329d3812c5acf51733e0e9f7baabdda7b1008d2
dfn-bwin-DBE,网络设计与连续 recourse,True,True,named_case_or_family_expansion,"73,623.79","73,623.79","Optimal, exact spanning-tree DP and cost exclusion",not_in_project_primal_table,,,56406.0914,73623.79,,,,找小状态图核心并穷尽 DP；用全局界覆盖未枚举补集,迁移可验证设计；联合释放容量、路径和运作选择，再解连续 recourse。,邻域和重构建议是基于结构的研究路线，不代表已验证加速。,https://github.com/Huangyc98/MIPLIB_openproblem/blob/b329d3812c5acf51733e0e9f7baabdda7b1008d2/instances/dfn-bwin-DBE/README.md,b329d3812c5acf51733e0e9f7baabdda7b1008d2
dws012-01,网络设计与连续 recourse,True,True,not_explicitly_mapped_here,"82,030.5522222395466198 (1e-9 feasible)","44,641.72316928 (solver)",Fixed-design recourse optimum and exact projection blueprint; 45.5792% numerical gap; global optimum open,not_in_project_primal_table,,,,,,,,,迁移可验证设计；联合释放容量、路径和运作选择，再解连续 recourse。,邻域和重构建议是基于结构的研究路线，不代表已验证加速。,https://github.com/Huangyc98/MIPLIB_openproblem/blob/b329d3812c5acf51733e0e9f7baabdda7b1008d2/instances/dws012-01/README.md,b329d3812c5acf51733e0e9f7baabdda7b1008d2
dws012-02,网络设计与连续 recourse,True,True,named_case_or_family_expansion,119443.31072434435 (new strict incumbent),23459.58492171858,Sibling-design transplant improves MIPLIB v36 by 449.99998531942; global optimum open,numeric_improvement,119893.31070966377,119443.31072434435,,,,,,否定没有 private variables 的伪分解，再作兄弟设计迁移和 recourse 修复,迁移可验证设计；联合释放容量、路径和运作选择，再解连续 recourse。,264 个设计位置中只换一对选择；395 个 DEC 小块无私有变量，不能当独立 recourse。,https://github.com/Huangyc98/MIPLIB_openproblem/blob/b329d3812c5acf51733e0e9f7baabdda7b1008d2/instances/dws012-02/README.md,b329d3812c5acf51733e0e9f7baabdda7b1008d2
eva1aprime5x5opt,构件选择与力学 recourse,True,True,not_explicitly_mapped_here,-17.94807560443689 (strict),-458.919072061,Feasible; no 1e-6 improvement within bit radius 8; global optimum open,not_in_project_primal_table,,,,,,,,,在超过已关闭构件半径的联合选择中搜索；用平衡/位移 LP 检验。,邻域和重构建议是基于结构的研究路线，不代表已验证加速。,https://github.com/Huangyc98/MIPLIB_openproblem/blob/b329d3812c5acf51733e0e9f7baabdda7b1008d2/instances/eva1aprime5x5opt/README.md,b329d3812c5acf51733e0e9f7baabdda7b1008d2
ex1010-pi,覆盖/划分的支持交换,True,True,not_explicitly_mapped_here,233,224 solver,Exact kernelization; global optimum open,not_in_project_primal_table,,,,,,,,,去重和支配约简后，围绕 private rows/owner 冲突做多删多加；回填原列。,邻域和重构建议是基于结构的研究路线，不代表已验证加速。,https://github.com/Huangyc98/MIPLIB_openproblem/blob/b329d3812c5acf51733e0e9f7baabdda7b1008d2/instances/ex1010-pi/README.md,b329d3812c5acf51733e0e9f7baabdda7b1008d2
f2000,覆盖/划分的支持交换,True,True,not_explicitly_mapped_here,"1,810","1,332 root",Feasible minimum-prime-implicant witness; global optimum open,not_in_project_primal_table,,,,,,,,,去重和支配约简后，围绕 private rows/owner 冲突做多删多加；回填原列。,邻域和重构建议是基于结构的研究路线，不代表已验证加速。,https://github.com/Huangyc98/MIPLIB_openproblem/blob/b329d3812c5acf51733e0e9f7baabdda7b1008d2/instances/f2000/README.md,b329d3812c5acf51733e0e9f7baabdda7b1008d2
fastxgemm-n3r21s3t6,双线性张量与支持,True,True,named_case_or_family_expansion,"2,147 (external-derived; strictly verified)",93,"Strict interval [93,2147]; LB is our proof, UB is excluded from our primal count; global optimum open",external_or_external_derived,,,84,**93**,,,,秩/轨道不变量、有限排除和局部搜索边界；松弛见证不能当完整张量分解,先核对外部构造的完整张量等式；新搜索改变支持/orbit，避免重扫固定系数模式。,邻域和重构建议是基于结构的研究路线，不代表已验证加速。,https://github.com/Huangyc98/MIPLIB_openproblem/blob/b329d3812c5acf51733e0e9f7baabdda7b1008d2/instances/fastxgemm-n3r21s3t6/README.md,b329d3812c5acf51733e0e9f7baabdda7b1008d2
fastxgemm-n3r22s4t6,双线性张量与支持,True,True,named_case_or_family_expansion,"1,150 (external-derived; strictly verified)",90,"Strict interval [90,1150]; LB is our proof, UB is excluded from our primal count; global optimum open",external_or_external_derived,,,,,,,,秩/轨道不变量、有限排除和局部搜索边界；松弛见证不能当完整张量分解,先核对外部构造的完整张量等式；新搜索改变支持/orbit，避免重扫固定系数模式。,邻域和重构建议是基于结构的研究路线，不代表已验证加速。,https://github.com/Huangyc98/MIPLIB_openproblem/blob/b329d3812c5acf51733e0e9f7baabdda7b1008d2/instances/fastxgemm-n3r22s4t6/README.md,b329d3812c5acf51733e0e9f7baabdda7b1008d2
fastxgemm-n3r23s5t6,双线性张量与支持,True,True,named_case_or_family_expansion,153 (BILR 2018; strictly verified),90,"Strict interval [90,153]; LB is our proof, UB is excluded from our primal count; global optimum open",external_or_external_derived,,,,,,,,秩/轨道不变量、有限排除和局部搜索边界；松弛见证不能当完整张量分解,先核对外部构造的完整张量等式；新搜索改变支持/orbit，避免重扫固定系数模式。,邻域和重构建议是基于结构的研究路线，不代表已验证加速。,https://github.com/Huangyc98/MIPLIB_openproblem/blob/b329d3812c5acf51733e0e9f7baabdda7b1008d2/instances/fastxgemm-n3r23s5t6/README.md,b329d3812c5acf51733e0e9f7baabdda7b1008d2
fhnw-binpack4-58,布局/装箱/几何关系,True,True,not_explicitly_mapped_here,—,geometric contradiction,"Infeasible, exact certificate",not_in_project_primal_table,,,,,,,,,搜索物体、朝向和相对次序而非辅助 bit；临界路径联合移动，回代全部几何行。,邻域和重构建议是基于结构的研究路线，不代表已验证加速。,https://github.com/Huangyc98/MIPLIB_openproblem/blob/b329d3812c5acf51733e0e9f7baabdda7b1008d2/instances/fhnw-binpack4-58/README.md,b329d3812c5acf51733e0e9f7baabdda7b1008d2
fhnw-binschedule0,时间选择与排程,True,True,named_case_or_family_expansion,"15,958","15,958","Optimal, exact interval-order path-cover certificate",numeric_improvement,16088,15958,15642,15958,,,,端点区间序、匹配/path cover 与负载格点；界与完整见证分开,只搜索选中作业、次序和资源分配；尝试匹配/CP，保留完整 deadline 语义。,邻域和重构建议是基于结构的研究路线，不代表已验证加速。,https://github.com/Huangyc98/MIPLIB_openproblem/blob/b329d3812c5acf51733e0e9f7baabdda7b1008d2/instances/fhnw-binschedule0/README.md,b329d3812c5acf51733e0e9f7baabdda7b1008d2
fhnw-binschedule1,时间选择与排程,True,True,named_case_or_family_expansion,"55,158","55,158","Optimal, exact interval-order path-cover certificate",numeric_improvement,55198,55158,52153,55158,,,,端点区间序、匹配/path cover 与负载格点；界与完整见证分开,只搜索选中作业、次序和资源分配；尝试匹配/CP，保留完整 deadline 语义。,邻域和重构建议是基于结构的研究路线，不代表已验证加速。,https://github.com/Huangyc98/MIPLIB_openproblem/blob/b329d3812c5acf51733e0e9f7baabdda7b1008d2/instances/fhnw-binschedule1/README.md,b329d3812c5acf51733e0e9f7baabdda7b1008d2
fhnw-binschedule2,时间选择与排程,True,True,named_case_or_family_expansion,"2,428","2,428","Optimal, exact endpoint clique/parity certificate",not_in_project_primal_table,,,2273.5,2428,,,,端点区间序、匹配/path cover 与负载格点；界与完整见证分开,只搜索选中作业、次序和资源分配；尝试匹配/CP，保留完整 deadline 语义。,邻域和重构建议是基于结构的研究路线，不代表已验证加速。,https://github.com/Huangyc98/MIPLIB_openproblem/blob/b329d3812c5acf51733e0e9f7baabdda7b1008d2/instances/fhnw-binschedule2/README.md,b329d3812c5acf51733e0e9f7baabdda7b1008d2
fhnw-schedule-paira100,时间选择与排程,True,True,named_case_or_family_expansion,-15.113116512593402 (strict),-15.113116512593402 (Gurobi + audited valid cuts),"Computational optimum; official lower headline is nonintegral, so no numerical primal improvement is claimed",not_in_project_primal_table,,,-23.8016842,-15.113116512593402,-15.113116512593401992,本地精确分支对偶证书＋精确原MPS可行解,采用本题原MPS字面系数对应的精确认证值。最终证明不依赖已撤回的旧energy cuts或浮点D_safe。精确树证书是后续补全，不冒充旧搜索轨迹重放。,提取 selection 核，推导安全冲突/能量约束，再独立构造原空间 schedule；latest start 不等于 deadline,只搜索选中作业、次序和资源分配；尝试匹配/CP，保留完整 deadline 语义。,邻域和重构建议是基于结构的研究路线，不代表已验证加速。,https://github.com/Huangyc98/MIPLIB_openproblem/blob/b329d3812c5acf51733e0e9f7baabdda7b1008d2/instances/fhnw-schedule-paira100/README.md,b329d3812c5acf51733e0e9f7baabdda7b1008d2
fhnw-schedule-paira200,时间选择与排程,True,True,named_case_or_family_expansion,-19.369961204645204 (new strict incumbent),-19.369961204645204 (Gurobi + audited valid cuts),Computational optimum; independent rerun and original-MPS audit,numeric_improvement,-19.2298568218154,-19.369961204645204,-46.9081453,-19.369961204645204,-19.36996120464520581,本地精确分支对偶证书＋精确原MPS可行解,采用认证值；旧headline末位偏高，不能把旧字面十进制恢复为严格下界。最终证明不依赖已撤回的旧energy cuts或浮点D_safe。精确树证书是后续补全，不冒充旧搜索轨迹重放。,提取 selection 核，推导安全冲突/能量约束，再独立构造原空间 schedule；latest start 不等于 deadline,只搜索选中作业、次序和资源分配；尝试匹配/CP，保留完整 deadline 语义。,邻域和重构建议是基于结构的研究路线，不代表已验证加速。,https://github.com/Huangyc98/MIPLIB_openproblem/blob/b329d3812c5acf51733e0e9f7baabdda7b1008d2/instances/fhnw-schedule-paira200/README.md,b329d3812c5acf51733e0e9f7baabdda7b1008d2
fhnw-schedule-paira400,时间选择与排程,True,True,named_case_or_family_expansion,-36.27696674236886 (new strict incumbent),-36.27696674236886 (safe suffix master),Computational optimum; two master runs and Pair-A/Pair-B full-row audits,numeric_improvement,-35.54680465280395,-36.27696674236886,-95.8844179,-36.27696674236886,-36.276966742368865136,本地精确分支对偶证书＋精确原MPS可行解,采用认证值；旧headline末位偏高，不能把旧字面十进制恢复为严格下界。最终证明不依赖已撤回的旧energy cuts或浮点D_safe。精确树证书是后续补全，不冒充旧搜索轨迹重放。,提取 selection 核，推导安全冲突/能量约束，再独立构造原空间 schedule；latest start 不等于 deadline,只搜索选中作业、次序和资源分配；尝试匹配/CP，保留完整 deadline 语义。,邻域和重构建议是基于结构的研究路线，不代表已验证加速。,https://github.com/Huangyc98/MIPLIB_openproblem/blob/b329d3812c5acf51733e0e9f7baabdda7b1008d2/instances/fhnw-schedule-paira400/README.md,b329d3812c5acf51733e0e9f7baabdda7b1008d2
fhnw-schedule-pairb200,时间选择与排程,True,True,named_case_or_family_expansion,-19.3699612046452058100 (new strict incumbent),-19.3699612046452058100 (Gurobi + audited valid cuts),"Computational optimum; independent rerun and Pair-A cross-check, no portable formal lower-bound proof",numeric_improvement,-19.24094384259708,-19.3699612046452058100,-51.5610835,-19.3699612046452058100,-19.36996120464520581,本地精确分支对偶证书＋精确原MPS可行解,采用本题原MPS字面系数对应的精确认证值。最终证明不依赖已撤回的旧energy cuts或浮点D_safe。精确树证书是后续补全，不冒充旧搜索轨迹重放。,提取 selection 核，推导安全冲突/能量约束，再独立构造原空间 schedule；latest start 不等于 deadline,只搜索选中作业、次序和资源分配；尝试匹配/CP，保留完整 deadline 语义。,邻域和重构建议是基于结构的研究路线，不代表已验证加速。,https://github.com/Huangyc98/MIPLIB_openproblem/blob/b329d3812c5acf51733e0e9f7baabdda7b1008d2/instances/fhnw-schedule-pairb200/README.md,b329d3812c5acf51733e0e9f7baabdda7b1008d2
fhnw-schedule-pairb400,时间选择与排程,True,True,named_case_or_family_expansion,-36.27696674236886 (new strict incumbent),-36.27696674236886 (independent safe suffix master),"Computational optimum; two safe runs, cross-formulation audit, invalid old cuts explicitly rejected",numeric_improvement,-35.4584,-36.27696674236886,-98.8384308,-36.27696674236886,-36.276966742368865136,本地精确分支对偶证书＋精确原MPS可行解,采用认证值；旧headline末位偏高，不能把旧字面十进制恢复为严格下界。最终证明不依赖已撤回的旧energy cuts或浮点D_safe。精确树证书是后续补全，不冒充旧搜索轨迹重放。,提取 selection 核，推导安全冲突/能量约束，再独立构造原空间 schedule；latest start 不等于 deadline,只搜索选中作业、次序和资源分配；尝试匹配/CP，保留完整 deadline 语义。,邻域和重构建议是基于结构的研究路线，不代表已验证加速。,https://github.com/Huangyc98/MIPLIB_openproblem/blob/b329d3812c5acf51733e0e9f7baabdda7b1008d2/instances/fhnw-schedule-pairb400/README.md,b329d3812c5acf51733e0e9f7baabdda7b1008d2
genus-g31-8,图嵌入与旋转系统,True,True,not_explicitly_mapped_here,-23 (genus 3),-23 exhaustive result,"Optimal, same graph and exact exhaustive result; no standalone proof trace",not_in_project_primal_table,,,-27,-23,,,,,在紧凑 rotation/face 状态上构造新见证；区分等价 face 标签与真实拓扑变化。,邻域和重构建议是基于结构的研究路线，不代表已验证加速。,https://github.com/Huangyc98/MIPLIB_openproblem/blob/b329d3812c5acf51733e0e9f7baabdda7b1008d2/instances/genus-g31-8/README.md,b329d3812c5acf51733e0e9f7baabdda7b1008d2
genus-g61-25,图嵌入与旋转系统,True,True,not_explicitly_mapped_here,-40 (genus 10; MPS tolerance 1e-6),-42 (exact; genus ≥9),Complete 44-face exclusion; 42-face target unresolved,not_in_project_primal_table,,,-58,-42,,,,,在紧凑 rotation/face 状态上构造新见证；区分等价 face 标签与真实拓扑变化。,邻域和重构建议是基于结构的研究路线，不代表已验证加速。,https://github.com/Huangyc98/MIPLIB_openproblem/blob/b329d3812c5acf51733e0e9f7baabdda7b1008d2/instances/genus-g61-25/README.md,b329d3812c5acf51733e0e9f7baabdda7b1008d2
genus-sym-g31-8,图嵌入与旋转系统,True,True,not_explicitly_mapped_here,-23 (genus 3),-23 exhaustive result,"Optimal, specialized exact exhaustive computation; no standalone proof trace",not_in_project_primal_table,,,-27,-23,,,,,在紧凑 rotation/face 状态上构造新见证；区分等价 face 标签与真实拓扑变化。,邻域和重构建议是基于结构的研究路线，不代表已验证加速。,https://github.com/Huangyc98/MIPLIB_openproblem/blob/b329d3812c5acf51733e0e9f7baabdda7b1008d2/instances/genus-sym-g31-8/README.md,b329d3812c5acf51733e0e9f7baabdda7b1008d2
genus-sym-g62-2,图嵌入与旋转系统,True,True,not_explicitly_mapped_here,-38 (MPS tolerance 1e-6),-40 (exact),Complete short-face catalogue and rational dual; optimum open,not_in_project_primal_table,,,-54,-40,,,,,在紧凑 rotation/face 状态上构造新见证；区分等价 face 标签与真实拓扑变化。,邻域和重构建议是基于结构的研究路线，不代表已验证加速。,https://github.com/Huangyc98/MIPLIB_openproblem/blob/b329d3812c5acf51733e0e9f7baabdda7b1008d2/instances/genus-sym-g62-2/README.md,b329d3812c5acf51733e0e9f7baabdda7b1008d2
genus-sym-grafo5708-48,图嵌入与旋转系统,True,True,not_explicitly_mapped_here,-21 (genus 4),-21 exhaustive result,"Optimal, specialized exact exhaustive computation; no standalone proof trace",not_in_project_primal_table,,,-27,-21,,,,,在紧凑 rotation/face 状态上构造新见证；区分等价 face 标签与真实拓扑变化。,邻域和重构建议是基于结构的研究路线，不代表已验证加速。,https://github.com/Huangyc98/MIPLIB_openproblem/blob/b329d3812c5acf51733e0e9f7baabdda7b1008d2/instances/genus-sym-grafo5708-48/README.md,b329d3812c5acf51733e0e9f7baabdda7b1008d2
ger50-17-ptp-pop-3t,网络设计与连续 recourse,True,True,not_explicitly_mapped_here,"5,224.5144 (strict)","5,183.93592586653 (solver)",Exact flow scaling; conflicting Gurobi 13 zero-gap output rejected; 0.7767% numerical gap; global optimum open,not_in_project_primal_table,,,,,,,,,迁移可验证设计；联合释放容量、路径和运作选择，再解连续 recourse。,邻域和重构建议是基于结构的研究路线，不代表已验证加速。,https://github.com/Huangyc98/MIPLIB_openproblem/blob/b329d3812c5acf51733e0e9f7baabdda7b1008d2/instances/ger50-17-ptp-pop-3t/README.md,b329d3812c5acf51733e0e9f7baabdda7b1008d2
gmut-76-40,林地集合打包与跨期平滑,True,True,not_explicitly_mapped_here,"-14,169,477.7859 (strict repaired)","-14,171,086.31587 (solver)",Exact-decimal primal audit; 0.0114% numerical gap; global optimum open,not_in_project_primal_table,,,,,,,,,保持面积/相邻禁采并联合调整跨期流量；差异支持连成大块时扩大 destroy。,邻域和重构建议是基于结构的研究路线，不代表已验证加速。,https://github.com/Huangyc98/MIPLIB_openproblem/blob/b329d3812c5acf51733e0e9f7baabdda7b1008d2/instances/gmut-76-40/README.md,b329d3812c5acf51733e0e9f7baabdda7b1008d2
gmut-76-50,林地集合打包与跨期平滑,True,True,named_case_or_family_expansion,-14171397.8275 (strict),no new certified global bound,Public lower-looking witness is nonintegral; no incumbent improvement claimed,not_in_project_primal_table,,,,,,,,严格整数审计和差异支持连通性决定多删多加尺度；未声称改善,保持面积/相邻禁采并联合调整跨期流量；差异支持连成大块时扩大 destroy。,更低官方点非整数，取整后流量行违约 0.065235；普通三列交换没有修复。,https://github.com/Huangyc98/MIPLIB_openproblem/blob/b329d3812c5acf51733e0e9f7baabdda7b1008d2/instances/gmut-76-50/README.md,b329d3812c5acf51733e0e9f7baabdda7b1008d2
graph40-20-1rand,不交图割打包,True,True,not_explicitly_mapped_here,-15 (15 cuts),"-15 published, graph identity not certified",Feasible; global optimality not locally certified,not_in_project_primal_table,,,,,,,,,在原图上构造 cut 集或 SAT cutoff witness，重新生成编译变量。,邻域和重构建议是基于结构的研究路线，不代表已验证加速。,https://github.com/Huangyc98/MIPLIB_openproblem/blob/b329d3812c5acf51733e0e9f7baabdda7b1008d2/instances/graph40-20-1rand/README.md,b329d3812c5acf51733e0e9f7baabdda7b1008d2
graph40-40-1rand,不交图割打包,True,True,named_case_or_family_expansion,-9 (9 cuts),-9,"Optimal, original-MPS/CNF/LRAT certificate",not_in_project_primal_table,,,-68.9559386,-9,,,,精确 cutoff 编码和独立 DRAT/LRAT 检查,在原图上构造 cut 集或 SAT cutoff witness，重新生成编译变量。,邻域和重构建议是基于结构的研究路线，不代表已验证加速。,https://github.com/Huangyc98/MIPLIB_openproblem/blob/b329d3812c5acf51733e0e9f7baabdda7b1008d2/instances/graph40-40-1rand/README.md,b329d3812c5acf51733e0e9f7baabdda7b1008d2
graph40-80-1rand,不交图割打包,True,True,named_case_or_family_expansion,-7,-7,"Optimal, original-MPS/CNF/LRAT certificate",not_in_project_primal_table,,,-495.450445,-7,,,,精确 cutoff 编码和独立 DRAT/LRAT 检查,在原图上构造 cut 集或 SAT cutoff witness，重新生成编译变量。,邻域和重构建议是基于结构的研究路线，不代表已验证加速。,https://github.com/Huangyc98/MIPLIB_openproblem/blob/b329d3812c5acf51733e0e9f7baabdda7b1008d2/instances/graph40-80-1rand/README.md,b329d3812c5acf51733e0e9f7baabdda7b1008d2
graphdraw-mainerd,布局/装箱/几何关系,True,True,not_explicitly_mapped_here,"38,842 (exact reconstruction)","31,882 (exact global certificate)",New global geometric proof; historical six-rectangle local exclusion remains separate; global optimum open,not_in_project_primal_table,,,31493.2257,**31882**,31882,本地精确几何投影＋四方向分支对偶证书,采用新精确界31882。这是新增证明，不是对原31769搜索过程的重放；原局部“最多移动若干矩形”结果不进入全局链。不宣称最优。,,搜索物体、朝向和相对次序而非辅助 bit；临界路径联合移动，回代全部几何行。,邻域和重构建议是基于结构的研究路线，不代表已验证加速。,https://github.com/Huangyc98/MIPLIB_openproblem/blob/b329d3812c5acf51733e0e9f7baabdda7b1008d2/instances/graphdraw-mainerd/README.md,b329d3812c5acf51733e0e9f7baabdda7b1008d2
graphdraw-opmanager,布局/装箱/几何关系,True,True,not_explicitly_mapped_here,"99,445.5","58,950 (exact global certificate)",New global geometric proof; historical four-rectangle local exclusion remains separate; global optimum open,not_in_project_primal_table,,,56741.4457,**58950**,58950,本地精确几何投影＋四方向分支对偶证书,采用新精确界58950。这是新增证明，不是对原58625.5搜索过程的重放；原局部“最多移动若干矩形”结果不进入全局链。不宣称最优。,,搜索物体、朝向和相对次序而非辅助 bit；临界路径联合移动，回代全部几何行。,邻域和重构建议是基于结构的研究路线，不代表已验证加速。,https://github.com/Huangyc98/MIPLIB_openproblem/blob/b329d3812c5acf51733e0e9f7baabdda7b1008d2/instances/graphdraw-opmanager/README.md,b329d3812c5acf51733e0e9f7baabdda7b1008d2
gsvm2rl11,分类器与离群选择,True,True,not_explicitly_mapped_here,"18,539.12716192643 (strict)","2,096.755457820071",Feasible; sparse-exchange prototypes tested; global optimum open,not_in_project_primal_table,,,,,,,,,联合交换样本 z 后解连续分类 recourse；用支持差异与 margin 选择邻域。,邻域和重构建议是基于结构的研究路线，不代表已验证加速。,https://github.com/Huangyc98/MIPLIB_openproblem/blob/b329d3812c5acf51733e0e9f7baabdda7b1008d2/instances/gsvm2rl11/README.md,b329d3812c5acf51733e0e9f7baabdda7b1008d2
gsvm2rl9,分类器与离群选择,True,True,not_explicitly_mapped_here,"7,438.181167767967 (strict)","2,289.659530409",Feasible; no official-target improvement within z radius 8; global optimum open,not_in_project_primal_table,,,,,,,,,联合交换样本 z 后解连续分类 recourse；用支持差异与 margin 选择邻域。,邻域和重构建议是基于结构的研究路线，不代表已验证加速。,https://github.com/Huangyc98/MIPLIB_openproblem/blob/b329d3812c5acf51733e0e9f7baabdda7b1008d2/instances/gsvm2rl9/README.md,b329d3812c5acf51733e0e9f7baabdda7b1008d2
ivu06,覆盖/划分的支持交换,True,True,not_explicitly_mapped_here,142.864331576,135.900242315 (portable),Exact rational dual checked against all columns; global optimum open,not_in_project_primal_table,,,,,,,,,去重和支配约简后，围绕 private rows/owner 冲突做多删多加；回填原列。,邻域和重构建议是基于结构的研究路线，不代表已验证加速。,https://github.com/Huangyc98/MIPLIB_openproblem/blob/b329d3812c5acf51733e0e9f7baabdda7b1008d2/instances/ivu06/README.md,b329d3812c5acf51733e0e9f7baabdda7b1008d2
liu,布局/装箱/几何关系,True,True,not_explicitly_mapped_here,"1,082 (new strict solution)","1,074 (area + even-lattice certificate)","Feasible; target-1,080 critical-path study closes two restricted neighborhoods, but global optimum remains open",numeric_improvement,1083.984782,1082,560,1074,,,,,搜索物体、朝向和相对次序而非辅助 bit；临界路径联合移动，回代全部几何行。,1082 由 sequence-pair CP-SAT 460.253 s 找到；偶数尺寸+差分系统保证最优可取偶数，下个目标 1080。,https://github.com/Huangyc98/MIPLIB_openproblem/blob/b329d3812c5acf51733e0e9f7baabdda7b1008d2/instances/liu/README.md,b329d3812c5acf51733e0e9f7baabdda7b1008d2
lr1dr02vc05v8a-t360,库存路线/货物与车辆耦合,True,True,not_explicitly_mapped_here,"123,046.81611861245 (strict normalized)",no new bound,Route RVND/ILS and capacity-preserving compound exchanges tested; global optimum open,not_in_project_primal_table,,,,,,,,,联合改变行程、装载和跨期库存；历史路线只作为候选并重新补全。,邻域和重构建议是基于结构的研究路线，不代表已验证加速。,https://github.com/Huangyc98/MIPLIB_openproblem/blob/b329d3812c5acf51733e0e9f7baabdda7b1008d2/instances/lr1dr02vc05v8a-t360/README.md,b329d3812c5acf51733e0e9f7baabdda7b1008d2
milo-v12-6-r1-75-1,构件选择与力学 recourse,True,True,not_explicitly_mapped_here,"1,153,756.398205675","1,125,907.0416245167 (solver)","2.4138% numerical gap; 5,236 fixed-topology tests; global optimum open",not_in_project_primal_table,,,,,,,,,在超过已关闭构件半径的联合选择中搜索；用平衡/位移 LP 检验。,邻域和重构建议是基于结构的研究路线，不代表已验证加速。,https://github.com/Huangyc98/MIPLIB_openproblem/blob/b329d3812c5acf51733e0e9f7baabdda7b1008d2/instances/milo-v12-6-r1-75-1/README.md,b329d3812c5acf51733e0e9f7baabdda7b1008d2
milo-v13-4-3d-4-0,构件选择与力学 recourse,True,True,not_explicitly_mapped_here,"358,152.26219370891","221,230.41433552347 (solver)",Same verified design; prior member-radius-7 result retained; global optimum open,not_in_project_primal_table,,,,,,,,,在超过已关闭构件半径的联合选择中搜索；用平衡/位移 LP 检验。,至多七个构件改变无更好解；同设计浮点目标小变动不记成新设计。,https://github.com/Huangyc98/MIPLIB_openproblem/blob/b329d3812c5acf51733e0e9f7baabdda7b1008d2/instances/milo-v13-4-3d-4-0/README.md,b329d3812c5acf51733e0e9f7baabdda7b1008d2
mining,开采先序与跨期容量,True,True,named_case_or_family_expansion,"-833,589,149.2736538586882046","-835,361,895.5863052144840282387439 (strict)",Exact certified interval; 0.2126642740% gap; global optimum open,not_in_project_primal_table,,,-933493233,-835361895.5863052144840282387439,,,,闭包/路径核心与少量资源行；min-cut/DP、拉格朗日与有理证书,以开采时刻为状态，联合释放连续时期和先序闭包；更新最终 pit 的限制要显式记录。,邻域和重构建议是基于结构的研究路线，不代表已验证加速。,https://github.com/Huangyc98/MIPLIB_openproblem/blob/b329d3812c5acf51733e0e9f7baabdda7b1008d2/instances/mining/README.md,b329d3812c5acf51733e0e9f7baabdda7b1008d2
minutedispatchstrategy,电力调度,True,True,not_explicitly_mapped_here,"3,109.9034777596576","3,109.9034777596576 (Gurobi)","Repository computational closure; official page still open; strict primal audit, not yet incorporated into or confirmed by MIPLIB, and no portable exact lower-bound certificate",not_in_project_primal_table,,,3109.78686,3109.9034777596576,3109.9034777596576,原模型＋历史全局solver数值闭合；历史差异保留备注,按用户决定采用新下界，但冻结旧PDF primal=3109.90308低于新界约0.00039776，对应原解仍缺。另一份COPT残差不能解释该特定旧记录；历史差异尚未解决，未发现经验证反例。采用新值是使用决定，不把未决事项改写成证明已闭合。,,先核对严格整数与连续 recourse；已有闭合证据时停止同模型 primal 搜索。,严格目标比 v36 高约 3.45e-12；贡献是计算闭合，不是 primal 改进。,https://github.com/Huangyc98/MIPLIB_openproblem/blob/b329d3812c5acf51733e0e9f7baabdda7b1008d2/instances/minutedispatchstrategy/README.md,b329d3812c5acf51733e0e9f7baabdda7b1008d2
n3700,网络设计与连续 recourse,True,True,not_explicitly_mapped_here,"1,247,295 (strict)","1,063,103.147061621",Feasible; fixed-charge/network repair tested; global optimum open,not_in_project_primal_table,,,,,,,,,迁移可验证设计；联合释放容量、路径和运作选择，再解连续 recourse。,邻域和重构建议是基于结构的研究路线，不代表已验证加速。,https://github.com/Huangyc98/MIPLIB_openproblem/blob/b329d3812c5acf51733e0e9f7baabdda7b1008d2/instances/n3700/README.md,b329d3812c5acf51733e0e9f7baabdda7b1008d2
nag,选择核心与局部耦合,True,True,not_explicitly_mapped_here,930 (verified @ 1e-9),550.540540540541,Feasible under the stated tolerance; global optimum open,numeric_improvement,945,930,465,550.5405405405405,550.5405405405405,原MPS与runner可追溯＋历史全局solver数值支持,按接受合理solver全局数值结果的标准通过。未独立核算全部内部cuts或分支树，也未进行商业数值复跑；API小数是数值记录，不是逐位精确认证。相对旧COPT PDF的提高不能归因为某个参数，也不是同预算性能优势的证明。,,从 row incidence 恢复成本/资源块，选结构邻域做短 pilot；未知语义不靠名称猜。,930 来自 2700 s COPT 通用运行；没有证据把它归功于结构专用算法。,https://github.com/Huangyc98/MIPLIB_openproblem/blob/b329d3812c5acf51733e0e9f7baabdda7b1008d2/instances/nag/README.md,b329d3812c5acf51733e0e9f7baabdda7b1008d2
neos-2629914-sudost,网络/匹配/离散核心,True,True,not_explicitly_mapped_here,"48,180","48,180","Optimal, exact QAP/cut-enumeration certificate",not_in_project_primal_table,,,42387.0653,48180,,,,,消除可构造的辅助变量，保留守恒/奇偶/连通条件；用小核心生成完整见证。,邻域和重构建议是基于结构的研究路线，不代表已验证加速。,https://github.com/Huangyc98/MIPLIB_openproblem/blob/b329d3812c5acf51733e0e9f7baabdda7b1008d2/instances/neos-2629914-sudost/README.md,b329d3812c5acf51733e0e9f7baabdda7b1008d2
neos-2978205-isar,重复列/类型计数,True,True,named_case_or_family_expansion,-11.925808687,-11.925808687,"Optimal, computational global conclusion; exact symmetry quotient and lift with no portable formal lower-bound trace",not_in_project_primal_table,,,,,,,,重复列聚为类型计数，证明 quotient 到原模型的 lift,全列签名验证后搜索 multiplicity；显式实现 lift 并检查所有 side rows。,邻域和重构建议是基于结构的研究路线，不代表已验证加速。,https://github.com/Huangyc98/MIPLIB_openproblem/blob/b329d3812c5acf51733e0e9f7baabdda7b1008d2/instances/neos-2978205-isar/README.md,b329d3812c5acf51733e0e9f7baabdda7b1008d2
neos-3009394-lami,网络/匹配/离散核心,True,True,not_explicitly_mapped_here,5.5,5.5,"Optimal, exact Hall/matching certificate",not_in_project_primal_table,,,1.92857143,5.5,,,,,消除可构造的辅助变量，保留守恒/奇偶/连通条件；用小核心生成完整见证。,邻域和重构建议是基于结构的研究路线，不代表已验证加速。,https://github.com/Huangyc98/MIPLIB_openproblem/blob/b329d3812c5acf51733e0e9f7baabdda7b1008d2/instances/neos-3009394-lami/README.md,b329d3812c5acf51733e0e9f7baabdda7b1008d2
neos-3355120-tarago,选择核心与局部耦合,True,True,not_explicitly_mapped_here,"-11,110,906.689290019 (verified @ 1e-9)","-11,123,832.676970437",Feasible; incumbent-centered binary exchange attempted; 0.1163% gap remains,not_in_project_primal_table,,,-11712060.9,-11123832.676970437,-11123832.676970437,原MPS与runner可追溯＋历史全局solver数值支持,按接受合理solver全局数值结果的标准通过。未独立核算全部内部cuts或分支树，也未进行商业数值复跑；API小数是数值记录，不是逐位精确认证。相对旧COPT PDF的提高不能归因为某个参数，也不是同预算性能优势的证明。,,从 row incidence 恢复成本/资源块，选结构邻域做短 pilot；未知语义不靠名称猜。,邻域和重构建议是基于结构的研究路线，不代表已验证加速。,https://github.com/Huangyc98/MIPLIB_openproblem/blob/b329d3812c5acf51733e0e9f7baabdda7b1008d2/instances/neos-3355120-tarago/README.md,b329d3812c5acf51733e0e9f7baabdda7b1008d2
neos-3355323-arnon,有限域可行性/覆盖修复,True,True,not_explicitly_mapped_here,no feasible witness,no infeasibility certificate,Exact order-CSP/CNF search remains unknown,not_in_project_primal_table,,,,,,,,,保持硬配额或边界，按未满足约束构造 repair；未完全满足时只保留 near-feasible 标签。,邻域和重构建议是基于结构的研究路线，不代表已验证加速。,https://github.com/Huangyc98/MIPLIB_openproblem/blob/b329d3812c5acf51733e0e9f7baabdda7b1008d2/instances/neos-3355323-arnon/README.md,b329d3812c5acf51733e0e9f7baabdda7b1008d2
neos-3594536-henty,网络/匹配/离散核心,True,True,not_explicitly_mapped_here,"401,092","401,092 (Gurobi/COPT)","Computational optimum; exact primal audit, no portable exact lower-bound certificate",numeric_improvement,401223,401092,397821.689,401092,401092,严格结构归约＋历史两种solver数值闭合,归约部分严格成立，401092这一数值由历史全局solver支持。两种solver一致和401092可行解不等于独立精确下界证书；本次没有重跑它们。没有采用improve-only cutoff分支或较弱400947替代原声明。,,消除可构造的辅助变量，保留守恒/奇偶/连通条件；用小核心生成完整见证。,邻域和重构建议是基于结构的研究路线，不代表已验证加速。,https://github.com/Huangyc98/MIPLIB_openproblem/blob/b329d3812c5acf51733e0e9f7baabdda7b1008d2/instances/neos-3594536-henty/README.md,b329d3812c5acf51733e0e9f7baabdda7b1008d2
neos-3603137-hoteo,有限域可行性/覆盖修复,True,True,not_explicitly_mapped_here,no feasible point,CP and SAT UNKNOWN,Global feasibility open; no UNSAT proof,not_in_project_primal_table,,,,,,,,,保持硬配额或边界，按未满足约束构造 repair；未完全满足时只保留 near-feasible 标签。,邻域和重构建议是基于结构的研究路线，不代表已验证加速。,https://github.com/Huangyc98/MIPLIB_openproblem/blob/b329d3812c5acf51733e0e9f7baabdda7b1008d2/instances/neos-3603137-hoteo/README.md,b329d3812c5acf51733e0e9f7baabdda7b1008d2
neos-3634244-kauru,等基数 minimax 聚类,True,True,not_explicitly_mapped_here,1398.0156859 (strict),no new certified global bound,Equitable-minimax-clustering recovery; no incumbent improvement claimed,not_in_project_primal_table,,,,,,,,,固定更低成本阈值，在冲突图上做保持每簇七点的联合交换。,邻域和重构建议是基于结构的研究路线，不代表已验证加速。,https://github.com/Huangyc98/MIPLIB_openproblem/blob/b329d3812c5acf51733e0e9f7baabdda7b1008d2/instances/neos-3634244-kauru/README.md,b329d3812c5acf51733e0e9f7baabdda7b1008d2
neos-3691541-lonja,选择核心与局部耦合,True,True,not_explicitly_mapped_here,0.0918239856 (strict),no new certified global bound,Exact subset witnesses plus complete-hint CP-SAT; public lower-valued pattern fails zero-tolerance feasibility; global optimum open,not_in_project_primal_table,,,,,,,,,从 row incidence 恢复成本/资源块，选结构邻域做短 pilot；未知语义不靠名称猜。,邻域和重构建议是基于结构的研究路线，不代表已验证加速。,https://github.com/Huangyc98/MIPLIB_openproblem/blob/b329d3812c5acf51733e0e9f7baabdda7b1008d2/instances/neos-3691541-lonja/README.md,b329d3812c5acf51733e0e9f7baabdda7b1008d2
neos-4355351-swalm,网络/匹配/离散核心,True,True,named_case_or_family_expansion,33.45763,33.45763,"Optimal, exact state-Steiner DP and zero-violation witness",not_in_project_primal_table,,,,,,,,找小状态图核心并穷尽 DP；用全局界覆盖未枚举补集,消除可构造的辅助变量，保留守恒/奇偶/连通条件；用小核心生成完整见证。,邻域和重构建议是基于结构的研究路线，不代表已验证加速。,https://github.com/Huangyc98/MIPLIB_openproblem/blob/b329d3812c5acf51733e0e9f7baabdda7b1008d2/instances/neos-4355351-swalm/README.md,b329d3812c5acf51733e0e9f7baabdda7b1008d2
neos-4360552-sangro,网络/匹配/离散核心,True,True,not_explicitly_mapped_here,-8,-8,"Optimal, exact active-layer quotient and A=9 relaxed infeasibility",not_in_project_primal_table,,,-12.0644768,-8,,,,,消除可构造的辅助变量，保留守恒/奇偶/连通条件；用小核心生成完整见证。,邻域和重构建议是基于结构的研究路线，不代表已验证加速。,https://github.com/Huangyc98/MIPLIB_openproblem/blob/b329d3812c5acf51733e0e9f7baabdda7b1008d2/instances/neos-4360552-sangro/README.md,b329d3812c5acf51733e0e9f7baabdda7b1008d2
neos-4533806-waima,选择核心与局部耦合,True,True,not_explicitly_mapped_here,"4,870 (exact audit)","3,956 (solver)",Exact aggregation and path-component LNS completed; no improvement; global optimum open,not_in_project_primal_table,,,,,,,,,从 row incidence 恢复成本/资源块，选结构邻域做短 pilot；未知语义不靠名称猜。,邻域和重构建议是基于结构的研究路线，不代表已验证加速。,https://github.com/Huangyc98/MIPLIB_openproblem/blob/b329d3812c5acf51733e0e9f7baabdda7b1008d2/instances/neos-4533806-waima/README.md,b329d3812c5acf51733e0e9f7baabdda7b1008d2
neos-5045105-creuse,选择核心与局部耦合,True,True,not_explicitly_mapped_here,20.571410408673 (Gurobi-accepted),19.932229270717,Feasible under solver tolerances; combined observed gap 3.1071%; strict verification and global optimum open,not_in_project_primal_table,,,,,,,,,从 row incidence 恢复成本/资源块，选结构邻域做短 pilot；未知语义不靠名称猜。,邻域和重构建议是基于结构的研究路线，不代表已验证加速。,https://github.com/Huangyc98/MIPLIB_openproblem/blob/b329d3812c5acf51733e0e9f7baabdda7b1008d2/instances/neos-5045105-creuse/README.md,b329d3812c5acf51733e0e9f7baabdda7b1008d2
neos-5266653-tugela,路线与负载/时间势,True,True,not_explicitly_mapped_here,"65,257.573990387 (new strict incumbent)",no new certified global bound,Three-vehicle-block LNS and two exact original-MPS audits; improves MIPLIB by 247.6265848893; global optimum open,numeric_improvement,65505.2005752763,65257.573990387,,,,,,,恢复路线后先构造分配和路线，再补时间/负载/indicator 变量；只迁移经核对的数据。,18 个车辆块按列交错，不能当连续切片；成功联合释放车辆 3/11/12，连续势重新修复。,https://github.com/Huangyc98/MIPLIB_openproblem/blob/b329d3812c5acf51733e0e9f7baabdda7b1008d2/instances/neos-5266653-tugela/README.md,b329d3812c5acf51733e0e9f7baabdda7b1008d2
nj1,人口均衡与连通分区,True,True,not_explicitly_mapped_here,382.0606208032 (improved first strict incumbent),no new nontrivial strict global lower bound,"Tree/compound search, 21 pair, 39 anchor-fixed triple, and 67 anchor-fixed quad closures, plus a zero-tolerance audit; global optimum open",first_finite,=unkn=,382.0606208032,,,,,,,区域重组、compound kick 后局部下降；解除旧 anchor 或扩大区域联合范围。,与 nj2/nj3 共用底层 595 区块分区；三条结果不是三次独立发现。,https://github.com/Huangyc98/MIPLIB_openproblem/blob/b329d3812c5acf51733e0e9f7baabdda7b1008d2/instances/nj1/README.md,b329d3812c5acf51733e0e9f7baabdda7b1008d2
nj2,人口均衡与连通分区,True,True,not_explicitly_mapped_here,382.0606208032 (improved first strict incumbent),no new nontrivial strict global lower bound,"Exact lift, local-neighborhood closures, and zero-tolerance audit; global optimum open",first_finite,=unkn=,382.0606208032,,,,,,,区域重组、compound kick 后局部下降；解除旧 anchor 或扩大区域联合范围。,同一分区须重新生成根/流变量并核对额外 label 约束。,https://github.com/Huangyc98/MIPLIB_openproblem/blob/b329d3812c5acf51733e0e9f7baabdda7b1008d2/instances/nj2/README.md,b329d3812c5acf51733e0e9f7baabdda7b1008d2
nj3,人口均衡与连通分区,True,True,not_explicitly_mapped_here,382.0606208032 (first strict incumbent),no new nontrivial strict global lower bound,"Exact nj2 -> nj3 projection, label anchoring, local-neighborhood closures, and zero-tolerance audit; global optimum open",first_finite,=unkn=,382.0606208032,,,,,,,区域重组、compound kick 后局部下降；解除旧 anchor 或扩大区域联合范围。,当前中心 382.0606208032：21 pair、39 anchored triple、67 anchored quad 已关闭；下一步改变 union/anchor/更大结构。,https://github.com/Huangyc98/MIPLIB_openproblem/blob/b329d3812c5acf51733e0e9f7baabdda7b1008d2/instances/nj3/README.md,b329d3812c5acf51733e0e9f7baabdda7b1008d2
ns1631475,网络/匹配/离散核心,True,True,named_case_or_family_expansion,"11,100","11,100","Optimal, exact cyclic-cutwidth enumeration and audited witness",not_in_project_primal_table,,,1659,11100,,,,找小状态图核心并穷尽 DP；用全局界覆盖未枚举补集,消除可构造的辅助变量，保留守恒/奇偶/连通条件；用小核心生成完整见证。,邻域和重构建议是基于结构的研究路线，不代表已验证加速。,https://github.com/Huangyc98/MIPLIB_openproblem/blob/b329d3812c5acf51733e0e9f7baabdda7b1008d2/instances/ns1631475/README.md,b329d3812c5acf51733e0e9f7baabdda7b1008d2
ns1828997,选择核心与局部耦合,True,True,not_explicitly_mapped_here,8,no new lower-bound-8 certificate,Exact 375-choice projection and cutoff-7 CNF; exact search remains unknown,not_in_project_primal_table,,,,,,,,,从 row incidence 恢复成本/资源块，选结构邻域做短 pilot；未知语义不靠名称猜。,邻域和重构建议是基于结构的研究路线，不代表已验证加速。,https://github.com/Huangyc98/MIPLIB_openproblem/blob/b329d3812c5acf51733e0e9f7baabdda7b1008d2/instances/ns1828997/README.md,b329d3812c5acf51733e0e9f7baabdda7b1008d2
ns1905797,路线与负载/时间势,True,True,not_explicitly_mapped_here,13.98258 (new strict incumbent),"12.38858 (COPT, numerical)",Serialized file passes zero-tolerance Fraction audit; 11.40% numerical gap; global optimum open,first_finite,=unkn=,13.98258,,,,,,,恢复路线后先构造分配和路线，再补时间/负载/indicator 变量；只迁移经核对的数据。,LP 分配 19/8/9/24 失衡；改为 20/11/11/18 后分块构造，warm-start 改进；不能混用不同分配的块解。,https://github.com/Huangyc98/MIPLIB_openproblem/blob/b329d3812c5acf51733e0e9f7baabdda7b1008d2/instances/ns1905797/README.md,b329d3812c5acf51733e0e9f7baabdda7b1008d2
ns2122698,选择核心与局部耦合,True,True,not_explicitly_mapped_here,"68,750 (strict repair)","62,785.565316 (strict)",Exact primal/dual interval; global optimum open,not_in_project_primal_table,,,,,,,,,从 row incidence 恢复成本/资源块，选结构邻域做短 pilot；未知语义不靠名称猜。,邻域和重构建议是基于结构的研究路线，不代表已验证加速。,https://github.com/Huangyc98/MIPLIB_openproblem/blob/b329d3812c5acf51733e0e9f7baabdda7b1008d2/instances/ns2122698/README.md,b329d3812c5acf51733e0e9f7baabdda7b1008d2
pb-gfrd-pnc,重复列/类型计数,True,True,not_explicitly_mapped_here,"8,844 (strict)","8,566 (solver)","Exact identical-column quotient removes 9,944 variables; 3.1434% numerical gap; global optimum open",not_in_project_primal_table,,,,,,,,,全列签名验证后搜索 multiplicity；显式实现 lift 并检查所有 side rows。,邻域和重构建议是基于结构的研究路线，不代表已验证加速。,https://github.com/Huangyc98/MIPLIB_openproblem/blob/b329d3812c5acf51733e0e9f7baabdda7b1008d2/instances/pb-gfrd-pnc/README.md,b329d3812c5acf51733e0e9f7baabdda7b1008d2
pb-grow22,重复列/类型计数,True,True,not_explicitly_mapped_here,-449536,-449546 (solver),Exact symmetry quotient; numerical 10-unit interval without portable cutoff proof; global optimum open,not_in_project_primal_table,,,,,,,,,全列签名验证后搜索 multiplicity；显式实现 lift 并检查所有 side rows。,邻域和重构建议是基于结构的研究路线，不代表已验证加速。,https://github.com/Huangyc98/MIPLIB_openproblem/blob/b329d3812c5acf51733e0e9f7baabdda7b1008d2/instances/pb-grow22/README.md,b329d3812c5acf51733e0e9f7baabdda7b1008d2
polygonpack4-15,布局/装箱/几何关系,True,True,not_explicitly_mapped_here,"-63,613,612.411253203798895776945039... (strict repair)",no new global lower bound,"Exact recovered geometry, radius/object neighborhoods and mask screening; no MIPLIB headline improvement; global optimum open",not_in_project_primal_table,,,,,,,,,搜索物体、朝向和相对次序而非辅助 bit；临界路径联合移动，回代全部几何行。,邻域和重构建议是基于结构的研究路线，不代表已验证加速。,https://github.com/Huangyc98/MIPLIB_openproblem/blob/b329d3812c5acf51733e0e9f7baabdda7b1008d2/instances/polygonpack4-15/README.md,b329d3812c5acf51733e0e9f7baabdda7b1008d2
polygonpack4-7,布局/装箱/几何关系,True,True,not_explicitly_mapped_here,"-51,837,707.95034043267785954996 (strict repair)",no new global lower bound,Full submitted-MPS geometry audit; no strict incumbent improvement; global optimum open,not_in_project_primal_table,,,,,,,,,搜索物体、朝向和相对次序而非辅助 bit；临界路径联合移动，回代全部几何行。,邻域和重构建议是基于结构的研究路线，不代表已验证加速。,https://github.com/Huangyc98/MIPLIB_openproblem/blob/b329d3812c5acf51733e0e9f7baabdda7b1008d2/instances/polygonpack4-7/README.md,b329d3812c5acf51733e0e9f7baabdda7b1008d2
polygonpack5-15,布局/装箱/几何关系,True,True,not_explicitly_mapped_here,"-55,494,687.647606651289167114364938... (strict repair)",no new global lower bound,Improves the only audited official literal-zero solution but not the MIPLIB tolerance headline; global optimum open,not_in_project_primal_table,,,,,,,,,搜索物体、朝向和相对次序而非辅助 bit；临界路径联合移动，回代全部几何行。,邻域和重构建议是基于结构的研究路线，不代表已验证加速。,https://github.com/Huangyc98/MIPLIB_openproblem/blob/b329d3812c5acf51733e0e9f7baabdda7b1008d2/instances/polygonpack5-15/README.md,b329d3812c5acf51733e0e9f7baabdda7b1008d2
pythago7825,有限域可行性/覆盖修复,True,True,not_explicitly_mapped_here,—,published UNSAT theorem,"Infeasible, exact encoding/core crosswalk + published theorem; proof archive not replayed locally",not_in_project_primal_table,,,,,,,,,保持硬配额或边界，按未满足约束构造 repair；未完全满足时只保留 near-feasible 标签。,邻域和重构建议是基于结构的研究路线，不代表已验证加速。,https://github.com/Huangyc98/MIPLIB_openproblem/blob/b329d3812c5acf51733e0e9f7baabdda7b1008d2/instances/pythago7825/README.md,b329d3812c5acf51733e0e9f7baabdda7b1008d2
ramos3,覆盖/划分的支持交换,True,True,not_explicitly_mapped_here,186,156 (covering-code bound),Feasible; strict local optimality proved to bit radius 7; global optimum open,not_in_project_primal_table,,,146.482178,156,156,本地精确组合证明＋全量有限核算,精确全局下界156通过；不由局部排除直接推广，也不声称已证明最优值等于156。,,去重和支配约简后，围绕 private rows/owner 冲突做多删多加；回填原列。,邻域和重构建议是基于结构的研究路线，不代表已验证加速。,https://github.com/Huangyc98/MIPLIB_openproblem/blob/b329d3812c5acf51733e0e9f7baabdda7b1008d2/instances/ramos3/README.md,b329d3812c5acf51733e0e9f7baabdda7b1008d2
rmine11,开采先序与跨期容量,True,True,named_case_or_family_expansion,-2508.404143999999991662 (strict),-2521.353274311517894 (portable exact),"394 pair, 70 clique and 5 genuine triple-cover cuts plus flow=cut certificate; global optimum open",not_in_project_primal_table,,,,,,,,闭包/路径核心与少量资源行；min-cut/DP、拉格朗日与有理证书,以开采时刻为状态，联合释放连续时期和先序闭包；更新最终 pit 的限制要显式记录。,邻域和重构建议是基于结构的研究路线，不代表已验证加速。,https://github.com/Huangyc98/MIPLIB_openproblem/blob/b329d3812c5acf51733e0e9f7baabdda7b1008d2/instances/rmine11/README.md,b329d3812c5acf51733e0e9f7baabdda7b1008d2
rmine13,开采先序与跨期容量,True,True,named_case_or_family_expansion,-3495.3706609999999806509 (strict repair),-3504.689959073912780 (portable exact),Rounded public tolerance vector and closure flow=cut certificate; structured neighborhoods tested; global optimum open,not_in_project_primal_table,,,,,,,,闭包/路径核心与少量资源行；min-cut/DP、拉格朗日与有理证书,以开采时刻为状态，联合释放连续时期和先序闭包；更新最终 pit 的限制要显式记录。,邻域和重构建议是基于结构的研究路线，不代表已验证加速。,https://github.com/Huangyc98/MIPLIB_openproblem/blob/b329d3812c5acf51733e0e9f7baabdda7b1008d2/instances/rmine13/README.md,b329d3812c5acf51733e0e9f7baabdda7b1008d2
rmine15,开采先序与跨期容量,True,True,named_case_or_family_expansion,-5018.823005000000004879 (new strict incumbent),-5042.036233392018593 (portable exact),34-block exchange; 121 pair and 61 clique cuts; exact primal and flow=cut audits; global optimum open,numeric_improvement,-5018.819990999996,-5018.823005000000004879,,,,,,闭包/路径核心与少量资源行；min-cut/DP、拉格朗日与有理证书,以开采时刻为状态，联合释放连续时期和先序闭包；更新最终 pit 的限制要显式记录。,"三期 [7,9] 共同改动 34 个矿块/35 bits；新点的三期关闭只适用固定窗外和最终 pit。",https://github.com/Huangyc98/MIPLIB_openproblem/blob/b329d3812c5acf51733e0e9f7baabdda7b1008d2/instances/rmine15/README.md,b329d3812c5acf51733e0e9f7baabdda7b1008d2
rmine21,开采先序与跨期容量,True,True,named_case_or_family_expansion,-10618.7507269999999491342 (strict repair),-10679.232567260660741 (portable exact),"Exact 1,441,651-row primal replay and closure flow=cut certificate; global optimum open",not_in_project_primal_table,,,,,,,,闭包/路径核心与少量资源行；min-cut/DP、拉格朗日与有理证书,以开采时刻为状态，联合释放连续时期和先序闭包；更新最终 pit 的限制要显式记录。,邻域和重构建议是基于结构的研究路线，不代表已验证加速。,https://github.com/Huangyc98/MIPLIB_openproblem/blob/b329d3812c5acf51733e0e9f7baabdda7b1008d2/instances/rmine21/README.md,b329d3812c5acf51733e0e9f7baabdda7b1008d2
rmine25,开采先序与跨期容量,True,True,named_case_or_family_expansion,-15541.66927699999998289011 (strict repair),-15667.918862520611901 (portable exact),"Exact 2,953,849-row primal replay and cross-host closure certificate verification; global optimum open",not_in_project_primal_table,,,,,,,,闭包/路径核心与少量资源行；min-cut/DP、拉格朗日与有理证书,以开采时刻为状态，联合释放连续时期和先序闭包；更新最终 pit 的限制要显式记录。,邻域和重构建议是基于结构的研究路线，不代表已验证加速。,https://github.com/Huangyc98/MIPLIB_openproblem/blob/b329d3812c5acf51733e0e9f7baabdda7b1008d2/instances/rmine25/README.md,b329d3812c5acf51733e0e9f7baabdda7b1008d2
s82,时间选择与排程,True,True,not_explicitly_mapped_here,-33.7970576238223 (strict public point),exact structural bound max sum(A8)=36,Full objective open; high-level acceptance count globally optimal and line 4 conditionally optimal,not_in_project_primal_table,,,,,,,,,只搜索选中作业、次序和资源分配；尝试匹配/CP，保留完整 deadline 语义。,邻域和重构建议是基于结构的研究路线，不代表已验证加速。,https://github.com/Huangyc98/MIPLIB_openproblem/blob/b329d3812c5acf51733e0e9f7baabdda7b1008d2/instances/s82/README.md,b329d3812c5acf51733e0e9f7baabdda7b1008d2
scpj4scip,覆盖/划分的支持交换,True,True,not_explicitly_mapped_here,128,107 (strict),Exact branch/dual certificates improved the lower bound; global optimum open; experiments paused,not_in_project_primal_table,,,,,,,,,去重和支配约简后，围绕 private rows/owner 冲突做多删多加；回填原列。,邻域和重构建议是基于结构的研究路线，不代表已验证加速。,https://github.com/Huangyc98/MIPLIB_openproblem/blob/b329d3812c5acf51733e0e9f7baabdda7b1008d2/instances/scpj4scip/README.md,b329d3812c5acf51733e0e9f7baabdda7b1008d2
scpk4,覆盖/划分的支持交换,True,True,not_explicitly_mapped_here,318,283 (strict),Exact domination and independently replayed target-282 branch/dual certificate; global optimum open,not_in_project_primal_table,,,,,,,,,去重和支配约简后，围绕 private rows/owner 冲突做多删多加；回填原列。,邻域和重构建议是基于结构的研究路线，不代表已验证加速。,https://github.com/Huangyc98/MIPLIB_openproblem/blob/b329d3812c5acf51733e0e9f7baabdda7b1008d2/instances/scpk4/README.md,b329d3812c5acf51733e0e9f7baabdda7b1008d2
scpl4,覆盖/划分的支持交换,True,True,not_explicitly_mapped_here,259,214 (portable strict),Complete target-213 exact branch/dual replay; COPT terminal exclusion corroborates; global optimum open,not_in_project_primal_table,,,,,,,,,去重和支配约简后，围绕 private rows/owner 冲突做多删多加；回填原列。,邻域和重构建议是基于结构的研究路线，不代表已验证加速。,https://github.com/Huangyc98/MIPLIB_openproblem/blob/b329d3812c5acf51733e0e9f7baabdda7b1008d2/instances/scpl4/README.md,b329d3812c5acf51733e0e9f7baabdda7b1008d2
set3-09,跨期生产与库存 recourse,True,True,not_explicitly_mapped_here,176497.152425682499961401493852... (strict repair),no new certified global bound,BOM-aware Decimal reconstruction and period/item/Hamming neighborhoods; global optimum open,not_in_project_primal_table,,,,,,,,,联合释放 BOM/设备相关项和跨期 setup；固定整数后重算库存和需求行。,邻域和重构建议是基于结构的研究路线，不代表已验证加速。,https://github.com/Huangyc98/MIPLIB_openproblem/blob/b329d3812c5acf51733e0e9f7baabdda7b1008d2/instances/set3-09/README.md,b329d3812c5acf51733e0e9f7baabdda7b1008d2
shs1042,库存路线/货物与车辆耦合,True,True,not_explicitly_mapped_here,"11,070.7016616034 (strict repair)","10,905.7397762548 (solver)",1.4901% local reproducible gap; article partition and truck-radius-2 neighborhoods closed; global optimum open,not_in_project_primal_table,,,,,,,,,联合改变行程、装载和跨期库存；历史路线只作为候选并重新补全。,邻域和重构建议是基于结构的研究路线，不代表已验证加速。,https://github.com/Huangyc98/MIPLIB_openproblem/blob/b329d3812c5acf51733e0e9f7baabdda7b1008d2/instances/shs1042/README.md,b329d3812c5acf51733e0e9f7baabdda7b1008d2
siena1,选择核心与局部耦合,True,True,not_explicitly_mapped_here,"10,449,008.9 (verified @ 1e-9)","10,219,502.195349596",Feasible; structure-specific decomposition attempts tested; global optimum open,not_in_project_primal_table,,,10214130.1,10219502.195349596,10219502.195349596,原MPS与runner可追溯＋历史全局solver数值支持,按接受合理solver全局数值结果的标准通过。未独立核算全部内部cuts或分支树，也未进行商业数值复跑；API小数是数值记录，不是逐位精确认证。相对旧COPT PDF的提高不能归因为某个参数，也不是同预算性能优势的证明。,,从 row incidence 恢复成本/资源块，选结构邻域做短 pilot；未知语义不靠名称猜。,邻域和重构建议是基于结构的研究路线，不代表已验证加速。,https://github.com/Huangyc98/MIPLIB_openproblem/blob/b329d3812c5acf51733e0e9f7baabdda7b1008d2/instances/siena1/README.md,b329d3812c5acf51733e0e9f7baabdda7b1008d2
sing11,机组启停与需求/备用耦合,True,True,named_case_or_family_expansion,"19,108,639.4603941927675439822 (strict repair)","18,853,382.0323116 (solver; 1.3358% gap)","1,200 s root-cut LB improves archived PDF-only LB by about 76,817.9; 74/74 blocks and 6 selected groups closed conditionally; global optimum open",not_in_project_primal_table,,,18776564.1,18853382.0323116,18853382.0323116,原MPS＋历史根节点全局solver数值支持,按solver数值标准通过，不宣称最优。没有重放13.0.2的根LP求解，也没有用根cut数量或旧乘子文件冒充完整精确对偶证书。,局部块易解不代表全局耦合已消失；关闭小邻域后更换结构尺度,用 LP 分数性和 incumbent 差异联合释放多机组、多时段；避免重复单机组扫描。,邻域和重构建议是基于结构的研究路线，不代表已验证加速。,https://github.com/Huangyc98/MIPLIB_openproblem/blob/b329d3812c5acf51733e0e9f7baabdda7b1008d2/instances/sing11/README.md,b329d3812c5acf51733e0e9f7baabdda7b1008d2
sing17,机组启停与需求/备用耦合,True,True,named_case_or_family_expansion,"36,161,699.3779386893546367410 (strict numerical polish)","35,556,219.47983733 (locally reproducible solver LB; 1.6744% gap)","Same integer pattern and only 0.000893823 lower; 50/50 blocks closed conditionally; archived PDF-only LB 35,599,182.4 is stronger; global optimum open",numerical_polish,36161699.37883251,36161699.3779386893546367410,,,,,,局部块易解不代表全局耦合已消失；关闭小邻域后更换结构尺度,用 LP 分数性和 incumbent 差异联合释放多机组、多时段；避免重复单机组扫描。,相同整数签名，约 2.47e-11 相对 polishing；不应记为新的离散设计。,https://github.com/Huangyc98/MIPLIB_openproblem/blob/b329d3812c5acf51733e0e9f7baabdda7b1008d2/instances/sing17/README.md,b329d3812c5acf51733e0e9f7baabdda7b1008d2
sing5,机组启停与需求/备用耦合,True,True,named_case_or_family_expansion,"18,778,435.60767737 (strict)","18,462,676.77864 (locally reproducible solver LB; 1.6815% gap)","Imported run improves the prior local LB by 19,778.272826703; archived PDF-only LB 18,605,207.3 remains stronger; runtime metadata is inconsistent; global optimum open",not_in_project_primal_table,,,,,,,,局部块易解不代表全局耦合已消失；关闭小邻域后更换结构尺度,用 LP 分数性和 incumbent 差异联合释放多机组、多时段；避免重复单机组扫描。,邻域和重构建议是基于结构的研究路线，不代表已验证加速。,https://github.com/Huangyc98/MIPLIB_openproblem/blob/b329d3812c5acf51733e0e9f7baabdda7b1008d2/instances/sing5/README.md,b329d3812c5acf51733e0e9f7baabdda7b1008d2
sorrell7,冲突图与编码构造,True,True,not_explicitly_mapped_here,-198 (code size 198),-210 published; -216 study solver,Feasible; any improvement must change at least 27 bits; global optimum open,not_in_project_primal_table,,,-223.02692,-210,-210,本地精确组合证明＋全量模型核算,精确全局下界−210通过；不宣称有210串可行解或原问题最优值已闭合。,,在已排除的小交换之外做 ejection chain/大支持替换，保持冲突可行性。,任何更大独立集至少移除 13 个旧顶点、加 14 个，至少 27 bits；不重复小交换。,https://github.com/Huangyc98/MIPLIB_openproblem/blob/b329d3812c5acf51733e0e9f7baabdda7b1008d2/instances/sorrell7/README.md,b329d3812c5acf51733e0e9f7baabdda7b1008d2
supportcase30,有限域可行性/覆盖修复,True,True,not_explicitly_mapped_here,"no feasible point; best partial 987/1,024",37 covering rows remain,Global feasibility open,not_in_project_primal_table,,,,,,,,,保持硬配额或边界，按未满足约束构造 repair；未完全满足时只保留 near-feasible 标签。,987/1024 覆盖只是 partial；剩余 37 行未满足。,https://github.com/Huangyc98/MIPLIB_openproblem/blob/b329d3812c5acf51733e0e9f7baabdda7b1008d2/instances/supportcase30/README.md,b329d3812c5acf51733e0e9f7baabdda7b1008d2
supportcase39,高斯投影像素控制,True,True,not_explicitly_mapped_here,"-1,085,083.856820570460","-1,085,325.230699 root",New strict incumbent from Gaussian-boundary block search; global optimum open,numeric_improvement,-1085080.906934894,-1085083.856820570460,,,,,,,以未饱和边界控制为中心，逐步扩大几何窗口并精确增量评价。,单点、4220 双点候选及 5/7/9 窗口无改进；11×11 成功；13×13 超时不是不可行。,https://github.com/Huangyc98/MIPLIB_openproblem/blob/b329d3812c5acf51733e0e9f7baabdda7b1008d2/instances/supportcase39/README.md,b329d3812c5acf51733e0e9f7baabdda7b1008d2
t1722,覆盖/划分的支持交换,True,True,not_explicitly_mapped_here,"108,953 (strict)",no new bound,Exact connected exchanges through five blocks and association-guided repair completed; global optimum open,not_in_project_primal_table,,,,,,,,,去重和支配约简后，围绕 private rows/owner 冲突做多删多加；回填原列。,连通交换≤5 已全部排除，另 84 次 6–12 块 repair 无改善但未覆盖全部大邻域。,https://github.com/Huangyc98/MIPLIB_openproblem/blob/b329d3812c5acf51733e0e9f7baabdda7b1008d2/instances/t1722/README.md,b329d3812c5acf51733e0e9f7baabdda7b1008d2
tokyometro,布局/装箱/几何关系,True,True,not_explicitly_mapped_here,"8,263.1 (strict)","7,117.5 (solver)",Translation and impossible-direction audit; 13.864% numerical gap; global optimum open,not_in_project_primal_table,,,,,,,,,搜索物体、朝向和相对次序而非辅助 bit；临界路径联合移动，回代全部几何行。,邻域和重构建议是基于结构的研究路线，不代表已验证加速。,https://github.com/Huangyc98/MIPLIB_openproblem/blob/b329d3812c5acf51733e0e9f7baabdda7b1008d2/instances/tokyometro/README.md,b329d3812c5acf51733e0e9f7baabdda7b1008d2
xmas10-2,网络/匹配/离散核心,True,True,not_explicitly_mapped_here,-497 (497 cells),511 cells official; 515 study solver,Best known path reproduced; extensive cell-projection/LNS search; global optimum open,not_in_project_primal_table,,,,,,,,,消除可构造的辅助变量，保留守恒/奇偶/连通条件；用小核心生成完整见证。,邻域和重构建议是基于结构的研究路线，不代表已验证加速。,https://github.com/Huangyc98/MIPLIB_openproblem/blob/b329d3812c5acf51733e0e9f7baabdda7b1008d2/instances/xmas10-2/README.md,b329d3812c5acf51733e0e9f7baabdda7b1008d2
z26,冲突图与编码构造,True,True,not_explicitly_mapped_here,"-1,198","-1,646 (strict)",Exact MPS-to-MIS interval; global optimum open,not_in_project_primal_table,,,,,,,,,在已排除的小交换之外做 ejection chain/大支持替换，保持冲突可行性。,邻域和重构建议是基于结构的研究路线，不代表已验证加速。,https://github.com/Huangyc98/MIPLIB_openproblem/blob/b329d3812c5acf51733e0e9f7baabdda7b1008d2/instances/z26/README.md,b329d3812c5acf51733e0e9f7baabdda7b1008d2
